2025-04-27 21:26:57,Vehicle State Change,1575,84.54656364375762,86.88897925986174,89.81699877999186,89.81699877999186
2025-04-27 21:27:02,Vehicle State Change,1575,84.54656364375762,85.71777145180968,89.81699877999186,89.81699877999186
2025-04-27 21:27:04,Vehicle State Change,1580,84.54656364375762,85.71777145180968,89.81699877999186,89.81699877999186
2025-04-27 21:27:04,Vehicle State Change,1588,84.54656364375762,85.71777145180968,89.81699877999186,89.81699877999186
2025-04-27 21:27:04,Vehicle State Change,1595,84.54656364375762,85.71777145180968,89.81699877999186,89.81699877999186
2025-04-27 21:27:04,Vehicle State Change,1598,84.54656364375762,85.71777145180968,89.81699877999186,89.81699877999186
2025-04-27 21:27:04,Vehicle State Change,1602,84.54656364375762,85.71777145180968,89.81699877999186,89.81699877999186
2025-04-27 21:27:04,Vehicle State Change,1605,84.54656364375762,85.71777145180968,89.81699877999186,89.81699877999186
2025-04-27 21:27:04,Vehicle State Change,1607,84.54656364375762,85.71777145180968,89.81699877999186,89.81699877999186
2025-04-27 21:27:04,Vehicle State Change,1610,84.54656364375762,85.71777145180968,89.81699877999186,89.81699877999186
2025-04-27 21:27:04,Vehicle State Change,1611,84.54656364375762,85.71777145180968,89.81699877999186,89.81699877999186
2025-04-27 21:27:04,Vehicle State Change,1616,84.54656364375762,85.71777145180968,89.81699877999186,89.81699877999186
2025-04-27 21:27:05,Vehicle State Change,1618,84.54656364375762,85.71777145180968,89.81699877999186,89.81699877999186
2025-04-27 21:27:05,Vehicle State Change,1625,84.54656364375762,85.71777145180968,89.81699877999186,89.81699877999186
2025-04-27 21:27:05,Vehicle State Change,1633,84.54656364375762,85.71777145180968,89.81699877999186,89.81699877999186
2025-04-27 21:27:05,Vehicle State Change,1645,84.54656364375762,85.71777145180968,89.81699877999186,89.81699877999186
2025-04-27 21:27:05,Vehicle State Change,1667,84.54656364375762,85.71777145180968,89.81699877999186,89.81699877999186
2025-04-27 21:27:05,Vehicle State Change,1686,84.54656364375762,85.71777145180968,89.81699877999186,89.81699877999186
2025-04-27 21:27:05,Vehicle State Change,1720,84.54656364375762,85.71777145180968,89.81699877999186,89.81699877999186
2025-04-27 21:27:05,Vehicle State Change,1740,84.54656364375762,85.71777145180968,89.81699877999186,89.81699877999186
2025-04-27 21:27:05,Vehicle State Change,1745,84.54656364375762,85.71777145180968,89.81699877999186,89.81699877999186
2025-04-27 21:27:05,Vehicle State Change,1756,84.54656364375762,85.71777145180968,89.81699877999186,89.81699877999186
2025-04-27 21:27:05,Vehicle State Change,1667,84.54656364375762,85.71777145180968,89.81699877999186,89.81699877999186
2025-04-27 21:27:05,Vehicle State Change,1639,84.54656364375762,85.71777145180968,89.81699877999186,89.81699877999186
2025-04-27 21:27:06,Vehicle State Change,1598,84.54656364375762,85.71777145180968,89.81699877999186,89.81699877999186
2025-04-27 21:27:06,Vehicle State Change,1575,84.54656364375762,85.71777145180968,89.81699877999186,89.81699877999186
2025-04-27 21:27:08,Vehicle State Change,1582,84.54656364375762,85.71777145180968,89.81699877999186,89.81699877999186
2025-04-27 21:27:08,Vehicle State Change,1589,84.54656364375762,85.71777145180968,89.81699877999186,89.81699877999186
2025-04-27 21:27:08,Vehicle State Change,1595,84.54656364375762,85.71777145180968,89.81699877999186,89.81699877999186
2025-04-27 21:27:08,Vehicle State Change,1602,84.54656364375762,85.71777145180968,89.81699877999186,89.81699877999186
2025-04-27 21:27:08,Vehicle State Change,1609,84.54656364375762,85.71777145180968,89.81699877999186,89.81699877999186
2025-04-27 21:27:08,Vehicle State Change,1612,84.54656364375762,85.71777145180968,89.81699877999186,89.81699877999186
2025-04-27 21:27:09,Vehicle State Change,1616,84.54656364375762,85.71777145180968,89.81699877999186,89.81699877999186
2025-04-27 21:27:09,Vehicle State Change,1619,84.54656364375762,85.71777145180968,89.81699877999186,89.81699877999186
2025-04-27 21:27:09,Vehicle State Change,1624,84.54656364375762,85.71777145180968,89.81699877999186,89.81699877999186
2025-04-27 21:27:09,Vehicle State Change,1633,84.54656364375762,85.71777145180968,89.81699877999186,89.81699877999186
2025-04-27 21:27:09,Vehicle State Change,1637,84.54656364375762,85.71777145180968,89.81699877999186,89.81699877999186
2025-04-27 21:27:09,Vehicle State Change,1640,84.54656364375762,85.71777145180968,89.81699877999186,89.81699877999186
2025-04-27 21:27:09,Vehicle State Change,1643,84.54656364375762,85.71777145180968,89.81699877999186,89.81699877999186
2025-04-27 21:27:09,Vehicle State Change,1647,84.54656364375762,85.71777145180968,89.81699877999186,89.81699877999186
2025-04-27 21:27:09,Vehicle State Change,1652,84.54656364375762,85.71777145180968,89.81699877999186,89.81699877999186
2025-04-27 21:27:09,Vehicle State Change,1654,84.54656364375762,85.71777145180968,89.81699877999186,89.81699877999186
2025-04-27 21:27:09,Vehicle State Change,1656,84.54656364375762,85.71777145180968,89.81699877999186,89.81699877999186
2025-04-27 21:27:09,Vehicle State Change,1660,84.54656364375762,85.71777145180968,89.81699877999186,89.81699877999186
2025-04-27 21:27:10,Vehicle State Change,1665,84.54656364375762,85.71777145180968,89.81699877999186,89.81699877999186
2025-04-27 21:27:10,Vehicle State Change,1669,84.54656364375762,85.71777145180968,89.81699877999186,89.81699877999186
2025-04-27 21:27:10,Vehicle State Change,1670,84.54656364375762,85.71777145180968,89.81699877999186,89.81699877999186
2025-04-27 21:27:10,Vehicle State Change,1673,84.54656364375762,85.71777145180968,89.81699877999186,89.81699877999186
2025-04-27 21:27:10,Vehicle State Change,1674,84.54656364375762,85.71777145180968,89.81699877999186,89.81699877999186
2025-04-27 21:27:10,Vehicle State Change,1676,84.54656364375762,85.71777145180968,89.81699877999186,89.81699877999186
2025-04-27 21:27:10,Vehicle State Change,1677,84.54656364375762,85.71777145180968,89.81699877999186,89.81699877999186
2025-04-27 21:27:10,Vehicle State Change,1678,84.54656364375762,85.71777145180968,89.81699877999186,89.81699877999186
2025-04-27 21:27:10,Vehicle State Change,1679,84.54656364375762,85.71777145180968,89.81699877999186,89.81699877999186
2025-04-27 21:27:10,Vehicle State Change,1681,84.54656364375762,85.71777145180968,89.81699877999186,89.81699877999186
2025-04-27 21:27:10,Vehicle State Change,1684,84.54656364375762,85.71777145180968,89.81699877999186,89.81699877999186
2025-04-27 21:27:10,Vehicle State Change,1685,84.54656364375762,85.71777145180968,89.81699877999186,89.81699877999186
2025-04-27 21:27:11,Vehicle State Change,1692,84.54656364375762,85.71777145180968,89.81699877999186,89.81699877999186
2025-04-27 21:27:11,Vehicle State Change,1695,84.54656364375762,85.71777145180968,89.81699877999186,89.81699877999186
2025-04-27 21:27:11,Vehicle State Change,1699,84.54656364375762,85.71777145180968,89.81699877999186,89.81699877999186
2025-04-27 21:27:11,Vehicle State Change,1703,84.54656364375762,85.71777145180968,89.81699877999186,89.81699877999186
2025-04-27 21:27:11,Vehicle State Change,1705,84.54656364375762,85.71777145180968,89.81699877999186,89.81699877999186
2025-04-27 21:27:11,Vehicle State Change,1710,84.54656364375762,85.71777145180968,89.81699877999186,89.81699877999186
2025-04-27 21:27:11,Vehicle State Change,1711,84.54656364375762,85.71777145180968,89.81699877999186,89.81699877999186
2025-04-27 21:27:11,Vehicle State Change,1712,84.54656364375762,85.71777145180968,89.81699877999186,89.81699877999186
2025-04-27 21:27:11,Vehicle State Change,1715,84.54656364375762,85.71777145180968,89.81699877999186,89.81699877999186
2025-04-27 21:27:12,Vehicle State Change,1717,84.54656364375762,85.71777145180968,89.81699877999186,89.81699877999186
2025-04-27 21:27:12,Vehicle State Change,1723,84.54656364375762,85.71777145180968,89.81699877999186,89.81699877999186
2025-04-27 21:27:12,Vehicle State Change,1727,84.54656364375762,85.71777145180968,89.81699877999186,89.81699877999186
2025-04-27 21:27:12,Vehicle State Change,1733,84.54656364375762,85.71777145180968,89.81699877999186,89.81699877999186
2025-04-27 21:27:12,Vehicle State Change,1734,84.54656364375762,85.71777145180968,89.81699877999186,89.81699877999186
2025-04-27 21:27:12,Vehicle State Change,1735,84.54656364375762,85.71777145180968,89.81699877999186,89.81699877999186
2025-04-27 21:27:12,Vehicle State Change,1736,84.54656364375762,85.71777145180968,89.81699877999186,89.81699877999186
2025-04-27 21:27:13,Vehicle State Change,1737,84.54656364375762,85.71777145180968,89.81699877999186,89.81699877999186
2025-04-27 21:27:14,Vehicle State Change,1740,84.54656364375762,85.71777145180968,89.81699877999186,89.81699877999186
2025-04-27 21:27:15,Vehicle State Change,1741,84.54656364375762,85.71777145180968,89.81699877999186,89.81699877999186
2025-04-27 21:27:15,Vehicle State Change,1742,84.54656364375762,85.71777145180968,89.81699877999186,89.81699877999186
2025-04-27 21:27:16,Vehicle State Change,1743,84.54656364375762,85.71777145180968,89.81699877999186,89.81699877999186
2025-04-27 21:27:17,Vehicle State Change,1742,84.54656364375762,85.71777145180968,89.81699877999186,89.81699877999186
2025-04-27 21:27:18,Vehicle State Change,1741,84.54656364375762,85.71777145180968,89.81699877999186,89.81699877999186
2025-04-27 21:27:18,Vehicle State Change,1740,84.54656364375762,85.71777145180968,89.81699877999186,89.81699877999186
2025-04-27 21:27:18,Vehicle State Change,1739,84.54656364375762,85.71777145180968,89.81699877999186,89.81699877999186
2025-04-27 21:27:18,Vehicle State Change,1738,84.54656364375762,85.71777145180968,89.81699877999186,89.81699877999186
2025-04-27 21:27:18,Vehicle State Change,1735,84.54656364375762,85.71777145180968,89.81699877999186,89.81699877999186
2025-04-27 21:27:19,Vehicle State Change,1734,84.54656364375762,85.71777145180968,89.81699877999186,89.81699877999186
2025-04-27 21:27:19,Vehicle State Change,1732,84.54656364375762,85.71777145180968,89.81699877999186,89.81699877999186
2025-04-27 21:27:19,Vehicle State Change,1730,84.54656364375762,85.71777145180968,89.81699877999186,89.81699877999186
2025-04-27 21:27:19,Vehicle State Change,1727,84.54656364375762,85.71777145180968,89.81699877999186,89.81699877999186
2025-04-27 21:27:19,Vehicle State Change,1722,84.54656364375762,85.71777145180968,89.81699877999186,89.81699877999186
2025-04-27 21:27:19,Vehicle State Change,1719,84.54656364375762,85.71777145180968,89.81699877999186,89.81699877999186
2025-04-27 21:27:19,Vehicle State Change,1712,84.54656364375762,85.71777145180968,89.81699877999186,89.81699877999186
2025-04-27 21:27:19,Vehicle State Change,1707,84.54656364375762,85.71777145180968,89.81699877999186,89.81699877999186
2025-04-27 21:27:19,Vehicle State Change,1706,84.54656364375762,85.71777145180968,89.81699877999186,89.81699877999186
2025-04-27 21:27:19,Vehicle State Change,1705,84.54656364375762,85.71777145180968,89.81699877999186,89.81699877999186
2025-04-27 21:27:20,Vehicle State Change,1701,84.54656364375762,85.71777145180968,89.81699877999186,89.81699877999186
2025-04-27 21:27:20,Vehicle State Change,1695,84.54656364375762,85.71777145180968,89.81699877999186,89.81699877999186
2025-04-27 21:27:20,Vehicle State Change,1688,84.54656364375762,85.71777145180968,89.81699877999186,89.81699877999186
2025-04-27 21:27:20,Vehicle State Change,1685,84.54656364375762,85.71777145180968,89.81699877999186,89.81699877999186
2025-04-27 21:27:20,Vehicle State Change,1679,84.54656364375762,85.71777145180968,89.81699877999186,89.81699877999186
2025-04-27 21:27:20,Vehicle State Change,1676,84.54656364375762,85.71777145180968,89.81699877999186,89.81699877999186
2025-04-27 21:27:20,Vehicle State Change,1668,84.54656364375762,85.71777145180968,89.81699877999186,89.81699877999186
2025-04-27 21:27:20,Vehicle State Change,1655,84.54656364375762,85.71777145180968,89.81699877999186,89.81699877999186
2025-04-27 21:27:20,Vehicle State Change,1644,84.54656364375762,85.71777145180968,89.81699877999186,89.81699877999186
2025-04-27 21:27:20,Vehicle State Change,1633,84.54656364375762,85.71777145180968,89.81699877999186,89.81699877999186
2025-04-27 21:27:20,Vehicle State Change,1620,84.54656364375762,85.71777145180968,89.81699877999186,89.81699877999186
2025-04-27 21:27:20,Vehicle State Change,1604,84.54656364375762,85.71777145180968,89.81699877999186,89.81699877999186
2025-04-27 21:27:21,Vehicle State Change,1584,84.54656364375762,85.71777145180968,89.81699877999186,89.81699877999186
2025-04-27 21:27:21,Vehicle State Change,1575,84.54656364375762,85.71777145180968,89.81699877999186,89.81699877999186
2025-04-27 21:27:22,Vehicle State Change,1568,84.54656364375762,85.71777145180968,89.81699877999186,89.81699877999186
2025-04-27 21:27:22,Vehicle State Change,1558,84.54656364375762,85.71777145180968,89.81699877999186,89.81699877999186
2025-04-27 21:27:22,Vehicle State Change,1548,84.54656364375762,85.71777145180968,89.81699877999186,89.81699877999186
2025-04-27 21:27:22,Vehicle State Change,1539,84.54656364375762,85.71777145180968,89.81699877999186,89.81699877999186
2025-04-27 21:27:23,Vehicle State Change,1527,84.54656364375762,85.71777145180968,89.81699877999186,89.81699877999186
2025-04-27 21:27:23,Vehicle State Change,1512,84.54656364375762,85.71777145180968,89.81699877999186,89.81699877999186
2025-04-27 21:27:23,Vehicle State Change,1506,84.54656364375762,85.71777145180968,89.81699877999186,89.81699877999186
2025-04-27 21:27:23,Vehicle State Change,1492,84.54656364375762,85.71777145180968,89.81699877999186,89.81699877999186
2025-04-27 21:27:23,Vehicle State Change,1480,84.54656364375762,85.71777145180968,89.81699877999186,89.81699877999186
2025-04-27 21:27:23,Vehicle State Change,1467,84.54656364375762,85.71777145180968,89.81699877999186,89.81699877999186
2025-04-27 21:27:23,Vehicle State Change,1454,84.54656364375762,85.71777145180968,89.81699877999186,89.81699877999186
2025-04-27 21:27:23,Vehicle State Change,1446,84.54656364375762,85.71777145180968,89.81699877999186,89.81699877999186
2025-04-27 21:27:23,Vehicle State Change,1427,84.54656364375762,85.71777145180968,89.81699877999186,89.81699877999186
2025-04-27 21:27:23,Vehicle State Change,1413,84.54656364375762,85.71777145180968,89.81699877999186,89.81699877999186
2025-04-27 21:27:23,Vehicle State Change,1385,84.54656364375762,85.71777145180968,89.81699877999186,89.81699877999186
2025-04-27 21:27:23,Vehicle State Change,1367,84.54656364375762,85.71777145180968,89.81699877999186,89.81699877999186
2025-04-27 21:27:24,Vehicle State Change,1352,84.54656364375762,85.71777145180968,89.81699877999186,89.81699877999186
2025-04-27 21:27:24,Vehicle State Change,1331,84.54656364375762,85.71777145180968,89.81699877999186,89.81699877999186
2025-04-27 21:27:24,Vehicle State Change,1313,84.54656364375762,85.71777145180968,89.81699877999186,89.81699877999186
2025-04-27 21:27:24,Vehicle State Change,1286,84.54656364375762,85.71777145180968,89.81699877999186,89.81699877999186
2025-04-27 21:27:24,Vehicle State Change,1268,84.54656364375762,85.71777145180968,89.81699877999186,89.81699877999186
2025-04-27 21:27:24,Vehicle State Change,1260,84.54656364375762,85.71777145180968,89.81699877999186,89.81699877999186
2025-04-27 21:27:24,Vehicle State Change,1255,84.54656364375762,85.71777145180968,89.81699877999186,89.81699877999186
2025-04-27 21:27:24,Vehicle State Change,1232,84.54656364375762,85.71777145180968,89.81699877999186,89.81699877999186
2025-04-27 21:27:24,Vehicle State Change,1215,84.54656364375762,85.71777145180968,89.81699877999186,89.81699877999186
2025-04-27 21:27:24,Vehicle State Change,1188,84.54656364375762,85.71777145180968,89.81699877999186,89.81699877999186
2025-04-27 21:27:24,Vehicle State Change,1164,84.54656364375762,85.71777145180968,89.81699877999186,89.81699877999186
2025-04-27 21:27:24,Vehicle State Change,1128,84.54656364375762,85.71777145180968,89.81699877999186,89.81699877999186
2025-04-27 21:27:25,Vehicle State Change,1082,84.54656364375762,85.71777145180968,89.81699877999186,89.81699877999186
2025-04-27 21:27:25,Vehicle State Change,1035,84.54656364375762,85.71777145180968,89.81699877999186,89.81699877999186
2025-04-27 21:27:25,Vehicle State Change,1020,84.54656364375762,85.71777145180968,89.81699877999186,89.81699877999186
2025-04-27 21:27:25,Vehicle State Change,1000,84.54656364375762,85.71777145180968,89.81699877999186,89.81699877999186
2025-04-27 21:27:26,Vehicle State Change,1004,84.54656364375762,85.71777145180968,89.81699877999186,89.81699877999186
2025-04-27 21:27:26,Vehicle State Change,1057,84.54656364375762,85.71777145180968,89.81699877999186,89.81699877999186
2025-04-27 21:27:26,Vehicle State Change,1106,84.54656364375762,85.71777145180968,89.81699877999186,89.81699877999186
2025-04-27 21:27:26,Vehicle State Change,1157,84.54656364375762,85.71777145180968,89.81699877999186,89.81699877999186
2025-04-27 21:27:26,Vehicle State Change,1207,84.54656364375762,85.71777145180968,89.81699877999186,89.81699877999186
2025-04-27 21:27:26,Vehicle State Change,1256,84.54656364375762,85.71777145180968,89.81699877999186,89.81699877999186
2025-04-27 21:27:26,Vehicle State Change,1322,84.54656364375762,85.71777145180968,89.81699877999186,89.81699877999186
2025-04-27 21:27:26,Vehicle State Change,1348,84.54656364375762,85.71777145180968,89.81699877999186,89.81699877999186
2025-04-27 21:27:26,Vehicle State Change,1478,84.54656364375762,85.71777145180968,89.81699877999186,89.81699877999186
2025-04-27 21:27:26,Vehicle State Change,1575,84.54656364375762,85.71777145180968,89.81699877999186,89.81699877999186
2025-04-27 21:27:27,Vehicle State Change,1575,84.54656364375762,84.54656364375762,89.81699877999186,89.81699877999186
2025-04-27 21:27:27,Vehicle State Change,1575,84.54656364375762,83.96095973973159,89.81699877999186,89.81699877999186
2025-04-27 21:27:27,Vehicle State Change,1575,84.54656364375762,81.61854412362749,89.81699877999186,89.81699877999186
2025-04-27 21:27:27,Vehicle State Change,1575,84.54656364375762,79.86173241154941,89.81699877999186,89.81699877999186
2025-04-27 21:27:27,Vehicle State Change,1575,84.54656364375762,78.69052460349737,89.81699877999186,89.81699877999186
2025-04-27 21:27:27,Vehicle State Change,1575,84.54656364375762,75.76250508336722,89.81699877999186,89.81699877999186
2025-04-27 21:27:28,Vehicle State Change,1575,84.54656364375762,73.42008946726311,89.81699877999186,89.81699877999186
2025-04-27 21:27:28,Vehicle State Change,1575,84.54656364375762,72.8344855632371,89.81699877999186,89.81699877999186
2025-04-27 21:27:28,Vehicle State Change,1575,84.54656364375762,71.66327775518504,89.81699877999186,89.81699877999186
2025-04-27 21:27:28,Vehicle State Change,1575,84.54656364375762,66.97844652297682,89.81699877999186,89.81699877999186
2025-04-27 21:27:28,Vehicle State Change,1575,84.54656364375762,64.63603090687272,89.81699877999186,89.81699877999186
2025-04-27 21:27:28,Vehicle State Change,1575,84.54656364375762,62.87921919479463,89.81699877999186,89.81699877999186
2025-04-27 21:27:28,Vehicle State Change,1575,84.54656364375762,61.70801138674258,89.81699877999186,89.81699877999186
2025-04-27 21:27:28,Vehicle State Change,1575,84.54656364375762,60.53680357869052,89.81699877999186,89.81699877999186
2025-04-27 21:27:28,Vehicle State Change,1575,84.54656364375762,53.50955673037821,89.81699877999186,89.81699877999186
2025-04-27 21:27:28,Vehicle State Change,1575,84.54656364375762,51.75274501830012,89.81699877999186,89.81699877999186
2025-04-27 21:27:28,Vehicle State Change,1575,84.54656364375762,50.581537210248065,89.81699877999186,89.81699877999186
2025-04-27 21:27:28,Vehicle State Change,1575,84.54656364375762,45.896705978039854,89.81699877999186,89.81699877999186
2025-04-27 21:27:28,Vehicle State Change,1575,84.54656364375762,42.96868645790972,89.81699877999186,89.81699877999186
2025-04-27 21:27:29,Vehicle State Change,1575,84.54656364375762,41.797478649857666,89.81699877999186,89.81699877999186
2025-04-27 21:27:29,Vehicle State Change,1575,84.54656364375762,36.52704351362342,89.81699877999186,89.81699877999186
2025-04-27 21:27:29,Vehicle State Change,1575,84.54656364375762,34.77023180154534,89.81699877999186,89.81699877999186
2025-04-27 21:27:29,Vehicle State Change,1575,84.54656364375762,31.84221228141521,89.81699877999186,89.81699877999186
2025-04-27 21:27:29,Vehicle State Change,1575,84.54656364375762,26.57177714518097,89.81699877999186,89.81699877999186
2025-04-27 21:27:29,Vehicle State Change,1575,84.54656364375762,21.886945912972752,89.81699877999186,89.81699877999186
2025-04-27 21:27:29,Vehicle State Change,1575,84.54656364375762,18.95892639284262,89.81699877999186,89.81699877999186
2025-04-27 21:27:29,Vehicle State Change,1575,84.54656364375762,13.688491256608376,89.81699877999186,89.81699877999186
2025-04-27 21:27:29,Vehicle State Change,1575,84.54656364375762,4.904432696217975,89.81699877999186,89.81699877999186
2025-04-27 21:27:29,Vehicle State Change,1575,84.54656364375762,3.733224888165921,89.81699877999186,89.81699877999186
2025-04-27 21:27:29,Vehicle State Change,1575,84.54656364375762,-0.36600244001626675,89.81699877999186,89.81699877999186
2025-04-27 21:27:30,Vehicle State Change,1575,84.54656364375762,14.85969906466043,89.81699877999186,89.81699877999186
2025-04-27 21:27:30,Vehicle State Change,1575,84.54656364375762,23.643757625050835,89.81699877999186,89.81699877999186
2025-04-27 21:27:30,Vehicle State Change,1575,84.54656364375762,32.42781618544124,89.81699877999186,89.81699877999186
2025-04-27 21:27:30,Vehicle State Change,1575,84.54656364375762,33.59902399349329,89.81699877999186,89.81699877999186
2025-04-27 21:27:30,Vehicle State Change,1575,84.54656364375762,40.62627084180561,89.81699877999186,89.81699877999186
2025-04-27 21:27:30,Vehicle State Change,1575,84.54656364375762,55.85197234648231,89.81699877999186,89.81699877999186
2025-04-27 21:27:30,Vehicle State Change,1575,84.54656364375762,70.49206994713299,89.81699877999186,89.81699877999186
2025-04-27 21:27:30,Vehicle State Change,1575,84.54656364375762,82.78975193167955,89.81699877999186,89.81699877999186
2025-04-27 21:27:30,Vehicle State Change,1575,84.54656364375762,88.64579097193982,89.81699877999186,89.81699877999186
2025-04-27 21:27:30,Vehicle State Change,1575,84.54656364375762,95.67303782025215,89.81699877999186,89.81699877999186
2025-04-27 21:27:31,Vehicle State Change,1575,84.54656364375762,104.45709638064254,89.81699877999186,89.81699877999186
2025-04-27 21:27:31,Vehicle State Change,1575,84.54656364375762,113.82675884505896,89.81699877999186,89.81699877999186
2025-04-27 21:27:31,Vehicle State Change,1575,84.54656364375762,122.61081740544937,89.81699877999186,89.81699877999186
2025-04-27 21:27:31,Vehicle State Change,1575,84.54656364375762,131.9804798698658,89.81699877999186,89.81699877999186
2025-04-27 21:27:31,Vehicle State Change,1575,84.54656364375762,140.76453843025618,89.81699877999186,89.81699877999186
2025-04-27 21:27:31,Vehicle State Change,1575,84.54656364375762,146.62057747051648,89.81699877999186,89.81699877999186
2025-04-27 21:27:31,Vehicle State Change,1575,84.54656364375762,152.47661651077672,89.81699877999186,89.81699877999186
2025-04-27 21:27:31,Vehicle State Change,1575,84.54656364375762,158.91825945506304,89.81699877999186,89.81699877999186
2025-04-27 21:27:31,Vehicle State Change,1575,84.54656364375762,164.7742984953233,89.81699877999186,89.81699877999186
2025-04-27 21:27:31,Vehicle State Change,1575,84.54656364375762,173.55835705571369,89.81699877999186,89.81699877999186
2025-04-27 21:27:31,Vehicle State Change,1575,84.54656364375762,176.48637657584385,89.81699877999186,89.81699877999186
2025-04-27 21:27:31,Vehicle State Change,1575,84.54656364375762,180.0,89.81699877999186,89.81699877999186
2025-04-27 21:27:32,Vehicle State Change,1575,84.54656364375762,170.63033753558358,89.81699877999186,89.81699877999186
2025-04-27 21:27:32,Vehicle State Change,1575,84.54656364375762,155.9902399349329,89.81699877999186,89.81699877999186
2025-04-27 21:27:32,Vehicle State Change,1575,84.54656364375762,141.93574623830827,89.81699877999186,89.81699877999186
2025-04-27 21:27:32,Vehicle State Change,1575,84.54656364375762,128.46685644570962,89.81699877999186,89.81699877999186
2025-04-27 21:27:32,Vehicle State Change,1575,84.54656364375762,111.48434322895486,89.81699877999186,89.81699877999186
2025-04-27 21:27:32,Vehicle State Change,1575,85.71777145180968,100.94347295648639,89.81699877999186,89.81699877999186
2025-04-27 21:27:32,Vehicle State Change,1575,86.88897925986174,93.91622610817406,89.81699877999186,89.81699877999186
2025-04-27 21:27:32,Vehicle State Change,1575,86.88897925986174,88.64579097193982,89.81699877999186,89.81699877999186
2025-04-27 21:27:32,Vehicle State Change,1575,86.88897925986174,87.47458316388776,89.81699877999186,89.81699877999186
2025-04-27 21:27:33,Vehicle State Change,1575,86.88897925986174,86.88897925986174,89.81699877999186,89.81699877999186
2025-04-27 21:27:33,Vehicle State Change,1575,84.54656364375762,86.88897925986174,89.81699877999186,89.81699877999186
2025-04-27 21:27:33,Vehicle State Change,1575,81.61854412362749,86.88897925986174,89.81699877999186,89.81699877999186
2025-04-27 21:27:33,Vehicle State Change,1575,73.42008946726311,86.88897925986174,89.81699877999186,89.81699877999186
2025-04-27 21:27:33,Vehicle State Change,1575,67.56405042700284,86.88897925986174,89.81699877999186,89.81699877999186
2025-04-27 21:27:33,Vehicle State Change,1575,65.80723871492476,86.88897925986174,89.81699877999186,89.81699877999186
2025-04-27 21:27:34,Vehicle State Change,1575,62.87921919479463,86.88897925986174,89.81699877999186,89.81699877999186
2025-04-27 21:27:34,Vehicle State Change,1575,53.50955673037821,86.88897925986174,89.81699877999186,89.81699877999186
2025-04-27 21:27:34,Vehicle State Change,1575,46.482309882065884,86.88897925986174,89.81699877999186,89.81699877999186
2025-04-27 21:27:34,Vehicle State Change,1575,43.55429036193574,86.88897925986174,89.81699877999186,89.81699877999186
2025-04-27 21:27:34,Vehicle State Change,1575,40.62627084180561,86.88897925986174,89.81699877999186,89.81699877999186
2025-04-27 21:27:34,Vehicle State Change,1575,36.52704351362342,86.88897925986174,89.81699877999186,89.81699877999186
2025-04-27 21:27:34,Vehicle State Change,1575,30.67100447336316,86.88897925986174,89.81699877999186,89.81699877999186
2025-04-27 21:27:34,Vehicle State Change,1575,27.742984953233023,86.88897925986174,89.81699877999186,89.81699877999186
2025-04-27 21:27:34,Vehicle State Change,1575,19.544530296868647,86.88897925986174,89.81699877999186,89.81699877999186
2025-04-27 21:27:34,Vehicle State Change,1575,14.85969906466043,86.88897925986174,89.81699877999186,89.81699877999186
2025-04-27 21:27:34,Vehicle State Change,1575,7.832452216348109,86.88897925986174,89.81699877999186,89.81699877999186
2025-04-27 21:27:34,Vehicle State Change,1575,-0.36600244001626675,86.88897925986174,89.81699877999186,89.81699877999186
2025-04-27 21:27:35,Vehicle State Change,1575,6.661244408296056,86.88897925986174,89.81699877999186,89.81699877999186
2025-04-27 21:27:35,Vehicle State Change,1575,14.85969906466043,86.88897925986174,89.81699877999186,89.81699877999186
2025-04-27 21:27:35,Vehicle State Change,1575,23.643757625050835,86.88897925986174,89.81699877999186,89.81699877999186
2025-04-27 21:27:35,Vehicle State Change,1575,26.57177714518097,86.88897925986174,89.81699877999186,89.81699877999186
2025-04-27 21:27:35,Vehicle State Change,1575,35.9414396095974,86.88897925986174,89.81699877999186,89.81699877999186
2025-04-27 21:27:35,Vehicle State Change,1575,48.82472549816999,86.88897925986174,89.81699877999186,89.81699877999186
2025-04-27 21:27:35,Vehicle State Change,1575,66.97844652297682,86.88897925986174,89.81699877999186,89.81699877999186
2025-04-27 21:27:35,Vehicle State Change,1575,79.86173241154941,86.88897925986174,89.81699877999186,89.81699877999186
2025-04-27 21:27:36,Vehicle State Change,1575,84.54656364375762,86.88897925986174,89.81699877999186,89.81699877999186
2025-04-27 21:27:36,Vehicle State Change,1575,86.88897925986174,86.88897925986174,89.81699877999186,89.81699877999186
2025-04-27 21:27:36,Vehicle State Change,1575,89.81699877999186,86.88897925986174,89.81699877999186,89.81699877999186
2025-04-27 21:27:36,Vehicle State Change,1575,95.67303782025215,86.88897925986174,89.81699877999186,89.81699877999186
2025-04-27 21:27:36,Vehicle State Change,1575,104.45709638064254,86.88897925986174,89.81699877999186,89.81699877999186
2025-04-27 21:27:36,Vehicle State Change,1575,111.48434322895486,86.88897925986174,89.81699877999186,89.81699877999186
2025-04-27 21:27:36,Vehicle State Change,1575,115.58357055713705,86.88897925986174,89.81699877999186,89.81699877999186
2025-04-27 21:27:36,Vehicle State Change,1575,126.71004473363156,86.88897925986174,89.81699877999186,89.81699877999186
2025-04-27 21:27:36,Vehicle State Change,1575,136.665311102074,86.88897925986174,89.81699877999186,89.81699877999186
2025-04-27 21:27:36,Vehicle State Change,1575,140.76453843025618,86.88897925986174,89.81699877999186,89.81699877999186
2025-04-27 21:27:36,Vehicle State Change,1575,148.96299308662057,86.88897925986174,89.81699877999186,89.81699877999186
2025-04-27 21:27:36,Vehicle State Change,1575,156.57584383895892,86.88897925986174,89.81699877999186,89.81699877999186
2025-04-27 21:27:37,Vehicle State Change,1575,164.7742984953233,86.88897925986174,89.81699877999186,89.81699877999186
2025-04-27 21:27:37,Vehicle State Change,1575,167.70231801545344,86.88897925986174,89.81699877999186,89.81699877999186
2025-04-27 21:27:37,Vehicle State Change,1575,180.0,86.88897925986174,89.81699877999186,89.81699877999186
2025-04-27 21:27:37,Vehicle State Change,1575,173.55835705571369,86.88897925986174,89.81699877999186,89.81699877999186
2025-04-27 21:27:37,Vehicle State Change,1575,163.60309068727125,86.88897925986174,89.81699877999186,89.81699877999186
2025-04-27 21:27:37,Vehicle State Change,1575,161.84627897519317,86.88897925986174,89.81699877999186,89.81699877999186
2025-04-27 21:27:37,Vehicle State Change,1575,157.74705164701098,86.88897925986174,89.81699877999186,89.81699877999186
2025-04-27 21:27:37,Vehicle State Change,1575,154.81903212688084,86.88897925986174,89.81699877999186,89.81699877999186
2025-04-27 21:27:37,Vehicle State Change,1575,146.62057747051648,86.88897925986174,89.81699877999186,89.81699877999186
2025-04-27 21:27:38,Vehicle State Change,1575,140.76453843025618,86.88897925986174,89.81699877999186,89.81699877999186
2025-04-27 21:27:38,Vehicle State Change,1575,132.56608377389182,86.88897925986174,89.81699877999186,89.81699877999186
2025-04-27 21:27:38,Vehicle State Change,1575,117.92598617324116,86.88897925986174,89.81699877999186,89.81699877999186
2025-04-27 21:27:38,Vehicle State Change,1575,113.82675884505896,86.88897925986174,89.81699877999186,89.81699877999186
2025-04-27 21:27:38,Vehicle State Change,1575,103.87149247661651,86.88897925986174,89.81699877999186,89.81699877999186
2025-04-27 21:27:38,Vehicle State Change,1575,98.60105734038227,86.88897925986174,89.81699877999186,89.81699877999186
2025-04-27 21:27:38,Vehicle State Change,1575,91.57381049206995,86.88897925986174,89.81699877999186,89.81699877999186
2025-04-27 21:27:38,Vehicle State Change,1575,89.81699877999186,86.88897925986174,89.81699877999186,89.81699877999186
2025-04-27 21:27:38,Vehicle State Change,1575,87.47458316388776,86.88897925986174,89.81699877999186,89.81699877999186
2025-04-27 21:27:38,Vehicle State Change,1575,85.71777145180968,86.88897925986174,89.81699877999186,89.81699877999186
2025-04-27 21:27:39,Vehicle State Change,1575,84.54656364375762,86.88897925986174,89.81699877999186,89.81699877999186
2025-04-27 21:27:40,Vehicle State Change,1575,83.96095973973159,86.88897925986174,89.81699877999186,89.81699877999186
2025-04-27 21:27:41,Vehicle State Change,1575,85.71777145180968,86.88897925986174,89.81699877999186,89.81699877999186
2025-04-27 21:27:41,Vehicle State Change,1575,86.88897925986174,86.88897925986174,89.81699877999186,89.81699877999186
2025-04-27 21:27:41,Vehicle State Change,1575,87.47458316388776,86.88897925986174,89.81699877999186,89.81699877999186
2025-04-27 21:27:41,Vehicle State Change,1575,83.96095973973159,86.88897925986174,89.81699877999186,89.81699877999186
2025-04-27 21:27:42,Vehicle State Change,1575,82.78975193167955,86.88897925986174,89.81699877999186,89.81699877999186
2025-04-27 21:27:42,Vehicle State Change,1575,86.88897925986174,86.88897925986174,89.81699877999186,89.81699877999186
2025-04-27 21:27:42,Vehicle State Change,1575,87.47458316388776,86.88897925986174,89.81699877999186,89.81699877999186
2025-04-27 21:27:42,Vehicle State Change,1575,89.81699877999186,86.88897925986174,89.81699877999186,89.81699877999186
2025-04-27 21:27:42,Vehicle State Change,1575,92.745018300122,86.88897925986174,89.81699877999186,89.81699877999186
2025-04-27 21:27:42,Vehicle State Change,1575,103.87149247661651,86.88897925986174,89.81699877999186,89.81699877999186
2025-04-27 21:27:43,Vehicle State Change,1575,94.50183001220009,86.88897925986174,89.81699877999186,89.81699877999186
2025-04-27 21:27:43,Vehicle State Change,1575,90.98820658804392,86.88897925986174,89.81699877999186,89.81699877999186
2025-04-27 21:27:43,Vehicle State Change,1575,89.81699877999186,86.88897925986174,89.81699877999186,89.81699877999186
2025-04-27 21:27:43,Vehicle State Change,1575,88.64579097193982,86.88897925986174,89.81699877999186,89.81699877999186
2025-04-27 21:27:43,Vehicle State Change,1575,86.88897925986174,86.88897925986174,89.81699877999186,89.81699877999186
2025-04-27 21:27:43,Vehicle State Change,1575,85.71777145180968,86.88897925986174,89.81699877999186,89.81699877999186
2025-04-27 21:27:44,Vehicle State Change,1575,84.54656364375762,86.88897925986174,89.81699877999186,89.81699877999186
2025-04-27 21:27:44,Vehicle State Change,1575,83.96095973973159,86.88897925986174,89.81699877999186,89.81699877999186
2025-04-27 21:27:44,Vehicle State Change,1575,85.71777145180968,86.88897925986174,89.81699877999186,89.81699877999186
2025-04-27 21:27:44,Vehicle State Change,1575,86.88897925986174,86.88897925986174,89.81699877999186,89.81699877999186
2025-04-27 21:27:44,Vehicle State Change,1575,85.71777145180968,87.47458316388776,89.81699877999186,89.81699877999186
2025-04-27 21:27:44,Vehicle State Change,1575,83.96095973973159,88.64579097193982,89.81699877999186,89.81699877999186
2025-04-27 21:27:44,Vehicle State Change,1575,86.88897925986174,85.71777145180968,89.81699877999186,89.81699877999186
2025-04-27 21:27:44,Vehicle State Change,1575,85.71777145180968,84.54656364375762,89.81699877999186,89.81699877999186
2025-04-27 21:27:45,Vehicle State Change,1575,82.78975193167955,85.71777145180968,89.81699877999186,89.81699877999186
2025-04-27 21:27:45,Vehicle State Change,1575,86.88897925986174,85.71777145180968,89.81699877999186,89.81699877999186
2025-04-27 21:27:45,Vehicle State Change,1575,84.54656364375762,84.54656364375762,89.81699877999186,89.81699877999186
2025-04-27 21:27:45,Vehicle State Change,1575,85.71777145180968,83.96095973973159,89.81699877999186,89.81699877999186
2025-04-27 21:27:45,Vehicle State Change,1575,86.88897925986174,82.78975193167955,89.81699877999186,89.81699877999186
2025-04-27 21:27:45,Vehicle State Change,1575,87.47458316388776,81.61854412362749,89.81699877999186,89.81699877999186
2025-04-27 21:27:45,Vehicle State Change,1575,90.98820658804392,81.61854412362749,89.81699877999186,89.81699877999186
2025-04-27 21:27:45,Vehicle State Change,1575,86.88897925986174,81.61854412362749,89.81699877999186,89.81699877999186
2025-04-27 21:27:45,Vehicle State Change,1575,85.71777145180968,81.61854412362749,89.81699877999186,89.81699877999186
2025-04-27 21:27:45,Vehicle State Change,1575,84.54656364375762,82.78975193167955,89.81699877999186,89.81699877999186
2025-04-27 21:27:45,Vehicle State Change,1575,85.71777145180968,84.54656364375762,89.81699877999186,89.81699877999186
2025-04-27 21:27:45,Vehicle State Change,1575,87.47458316388776,80.44733631557544,89.81699877999186,89.81699877999186
2025-04-27 21:27:46,Vehicle State Change,1575,87.47458316388776,78.69052460349737,89.81699877999186,89.81699877999186
2025-04-27 21:27:46,Vehicle State Change,1575,85.71777145180968,82.78975193167955,89.81699877999186,89.81699877999186
2025-04-27 21:27:46,Vehicle State Change,1575,85.71777145180968,83.96095973973159,89.81699877999186,89.81699877999186
2025-04-27 21:27:46,Vehicle State Change,1575,84.54656364375762,83.96095973973159,89.81699877999186,89.81699877999186
2025-04-27 21:27:46,Vehicle State Change,1575,84.54656364375762,76.93371289141928,89.81699877999186,89.81699877999186
2025-04-27 21:27:46,Vehicle State Change,1575,84.54656364375762,69.90646604310695,89.81699877999186,89.81699877999186
2025-04-27 21:27:46,Vehicle State Change,1575,84.54656364375762,65.80723871492476,89.81699877999186,89.81699877999186
2025-04-27 21:27:46,Vehicle State Change,1575,84.54656364375762,60.53680357869052,89.81699877999186,89.81699877999186
2025-04-27 21:27:46,Vehicle State Change,1575,84.54656364375762,55.85197234648231,89.81699877999186,89.81699877999186
2025-04-27 21:27:47,Vehicle State Change,1575,84.54656364375762,50.581537210248065,89.81699877999186,89.81699877999186
2025-04-27 21:27:47,Vehicle State Change,1575,84.54656364375762,38.86945912972753,89.81699877999186,89.81699877999186
2025-04-27 21:27:47,Vehicle State Change,1575,84.54656364375762,30.67100447336316,89.81699877999186,89.81699877999186
2025-04-27 21:27:47,Vehicle State Change,1575,84.54656364375762,24.814965433102888,89.81699877999186,89.81699877999186
2025-04-27 21:27:47,Vehicle State Change,1575,84.54656364375762,21.886945912972752,89.81699877999186,89.81699877999186
2025-04-27 21:27:47,Vehicle State Change,1575,84.54656364375762,14.85969906466043,89.81699877999186,89.81699877999186
2025-04-27 21:27:47,Vehicle State Change,1575,85.71777145180968,6.661244408296056,89.81699877999186,89.81699877999186
2025-04-27 21:27:47,Vehicle State Change,1575,86.88897925986174,-0.36600244001626675,89.81699877999186,89.81699877999186
2025-04-27 21:27:47,Vehicle State Change,1575,86.88897925986174,3.733224888165921,89.81699877999186,89.81699877999186
2025-04-27 21:27:47,Vehicle State Change,1575,86.88897925986174,45.896705978039854,89.81699877999186,89.81699877999186
2025-04-27 21:27:47,Vehicle State Change,1575,86.88897925986174,71.66327775518504,89.81699877999186,89.81699877999186
2025-04-27 21:27:47,Vehicle State Change,1575,86.88897925986174,81.61854412362749,89.81699877999186,89.81699877999186
2025-04-27 21:27:48,Vehicle State Change,1575,86.88897925986174,83.96095973973159,89.81699877999186,89.81699877999186
2025-04-27 21:27:53,Vehicle State Change,1999,86.88897925986174,83.96095973973159,89.81699877999186,89.81699877999186
2025-04-27 21:27:54,Vehicle State Change,1678,86.88897925986174,83.96095973973159,89.81699877999186,89.81699877999186
2025-04-27 21:27:54,Vehicle State Change,1575,86.88897925986174,83.96095973973159,89.81699877999186,89.81699877999186
2025-04-27 21:27:56,Vehicle State Change,1999,86.88897925986174,83.96095973973159,89.81699877999186,89.81699877999186
2025-04-27 21:27:56,Vehicle State Change,1575,86.88897925986174,83.96095973973159,89.81699877999186,89.81699877999186
2025-04-27 21:27:57,Vehicle State Change,1999,86.88897925986174,83.96095973973159,89.81699877999186,89.81699877999186
2025-04-27 21:27:58,Vehicle State Change,1607,86.88897925986174,83.96095973973159,89.81699877999186,89.81699877999186
2025-04-27 21:27:58,Vehicle State Change,1575,86.88897925986174,83.96095973973159,89.81699877999186,89.81699877999186
2025-04-27 21:27:58,Vehicle State Change,1999,86.88897925986174,83.96095973973159,89.81699877999186,89.81699877999186
2025-04-27 21:27:58,Vehicle State Change,1575,86.88897925986174,83.96095973973159,89.81699877999186,89.81699877999186
2025-04-27 21:27:58,Vehicle State Change,1999,86.88897925986174,83.96095973973159,89.81699877999186,89.81699877999186
2025-04-27 21:27:59,Vehicle State Change,1575,86.88897925986174,83.96095973973159,89.81699877999186,89.81699877999186
2025-04-27 21:27:59,Vehicle State Change,1575,86.88897925986174,75.76250508336722,89.81699877999186,89.81699877999186
2025-04-27 21:27:59,Vehicle State Change,1575,86.88897925986174,36.52704351362342,89.81699877999186,89.81699877999186
2025-04-27 21:28:00,Vehicle State Change,1575,86.88897925986174,15.445302968686457,89.81699877999186,89.81699877999186
2025-04-27 21:28:00,Vehicle State Change,1575,86.88897925986174,4.904432696217975,89.81699877999186,89.81699877999186
2025-04-27 21:28:00,Vehicle State Change,1575,86.88897925986174,34.77023180154534,89.81699877999186,89.81699877999186
2025-04-27 21:28:00,Vehicle State Change,1575,86.88897925986174,92.745018300122,89.81699877999186,89.81699877999186
2025-04-27 21:28:00,Vehicle State Change,1575,86.88897925986174,115.58357055713705,89.81699877999186,89.81699877999186
2025-04-27 21:28:00,Vehicle State Change,1575,86.88897925986174,132.56608377389182,89.81699877999186,89.81699877999186
2025-04-27 21:28:00,Vehicle State Change,1575,86.88897925986174,180.0,89.81699877999186,89.81699877999186
2025-04-27 21:28:00,Vehicle State Change,1575,86.88897925986174,173.55835705571369,89.81699877999186,89.81699877999186
2025-04-27 21:28:00,Vehicle State Change,1575,93.91622610817406,107.9707198047987,89.81699877999186,89.81699877999186
2025-04-27 21:28:00,Vehicle State Change,1575,135.49410329402195,82.78975193167955,89.81699877999186,89.81699877999186
2025-04-27 21:28:00,Vehicle State Change,1575,147.7917852785685,60.53680357869052,89.81699877999186,89.81699877999186
2025-04-27 21:28:01,Vehicle State Change,1575,132.56608377389182,58.77999186661244,89.81699877999186,89.81699877999186
2025-04-27 21:28:01,Vehicle State Change,1575,77.5193167954453,82.78975193167955,89.81699877999186,89.81699877999186
2025-04-27 21:28:01,Vehicle State Change,1575,48.82472549816999,104.45709638064254,89.81699877999186,89.81699877999186
2025-04-27 21:28:01,Vehicle State Change,1575,48.82472549816999,125.5388369255795,89.81699877999186,89.81699877999186
2025-04-27 21:28:01,Vehicle State Change,1575,53.50955673037821,136.665311102074,89.81699877999186,89.81699877999186
2025-04-27 21:28:01,Vehicle State Change,1575,59.9511996746645,136.665311102074,89.81699877999186,89.81699877999186
2025-04-27 21:28:01,Vehicle State Change,1575,68.7352582350549,116.7547783651891,89.81699877999186,89.81699877999186
2025-04-27 21:28:01,Vehicle State Change,1575,88.64579097193982,64.63603090687272,89.81699877999186,89.81699877999186
2025-04-27 21:28:01,Vehicle State Change,1575,113.82675884505896,36.52704351362342,89.81699877999186,89.81699877999186
2025-04-27 21:28:01,Vehicle State Change,1575,125.5388369255795,-0.36600244001626675,89.81699877999186,89.81699877999186
2025-04-27 21:28:01,Vehicle State Change,1575,127.88125254168361,2.5620170801138675,89.81699877999186,89.81699877999186
2025-04-27 21:28:01,Vehicle State Change,1575,92.745018300122,82.78975193167955,89.81699877999186,89.81699877999186
2025-04-27 21:28:01,Vehicle State Change,1575,69.90646604310695,111.48434322895486,89.81699877999186,89.81699877999186
2025-04-27 21:28:02,Vehicle State Change,1575,50.581537210248065,145.44936966246442,89.81699877999186,89.81699877999186
2025-04-27 21:28:02,Vehicle State Change,1575,44.7254981699878,168.87352582350547,89.81699877999186,89.81699877999186
2025-04-27 21:28:02,Vehicle State Change,1575,43.55429036193574,173.55835705571369,89.81699877999186,89.81699877999186
2025-04-27 21:28:02,Vehicle State Change,1575,58.77999186661244,170.63033753558358,89.81699877999186,89.81699877999186
2025-04-27 21:28:02,Vehicle State Change,1575,70.49206994713299,156.57584383895892,89.81699877999186,89.81699877999186
2025-04-27 21:28:02,Vehicle State Change,1575,103.87149247661651,103.87149247661651,89.81699877999186,89.81699877999186
2025-04-27 21:28:02,Vehicle State Change,1575,126.71004473363156,70.49206994713299,89.81699877999186,89.81699877999186
2025-04-27 21:28:02,Vehicle State Change,1575,139.59333062220415,47.65351769011794,89.81699877999186,89.81699877999186
2025-04-27 21:28:02,Vehicle State Change,1575,148.96299308662057,22.472549816998782,89.81699877999186,89.81699877999186
2025-04-27 21:28:02,Vehicle State Change,1575,148.96299308662057,36.52704351362342,89.81699877999186,89.81699877999186
2025-04-27 21:28:02,Vehicle State Change,1575,116.7547783651891,92.745018300122,89.81699877999186,89.81699877999186
2025-04-27 21:28:02,Vehicle State Change,1575,94.50183001220009,121.43960959739731,89.81699877999186,89.81699877999186
2025-04-27 21:28:03,Vehicle State Change,1575,86.88897925986174,127.88125254168361,89.81699877999186,89.81699877999186
2025-04-27 21:28:03,Vehicle State Change,1332,84.54656364375762,131.9804798698658,89.81699877999186,89.81699877999186
2025-04-27 21:28:03,Vehicle State Change,1756,84.54656364375762,126.71004473363156,89.81699877999186,89.81699877999186
2025-04-27 21:28:03,Vehicle State Change,1682,84.54656364375762,117.92598617324116,89.81699877999186,89.81699877999186
2025-04-27 21:28:03,Vehicle State Change,1575,84.54656364375762,94.50183001220009,89.81699877999186,89.81699877999186
2025-04-27 21:28:03,Vehicle State Change,1575,84.54656364375762,92.745018300122,89.81699877999186,89.81699877999186
2025-04-27 21:28:03,Vehicle State Change,1575,84.54656364375762,90.98820658804392,89.81699877999186,89.81699877999186
2025-04-27 21:28:03,Vehicle State Change,1575,84.54656364375762,89.81699877999186,89.81699877999186,89.81699877999186
2025-04-27 21:28:04,Vehicle State Change,1575,84.54656364375762,88.64579097193982,89.81699877999186,89.81699877999186
2025-04-27 21:28:04,Vehicle State Change,1575,84.54656364375762,87.47458316388776,89.81699877999186,89.81699877999186
